u,v,key,image,health_score,condition
571470125,2282190367,0,112_jpg.rf.b9b3b5d8ae23722c88433e7510679b0b.jpg,70.6,MODERATE
571470125,11807002885,0,114_jpg.rf.b916ad4d9879b3fc0074d4472bde708c.jpg,80.29,GOOD
660699662,2575431674,0,118_jpg.rf.bf43c5d64a7c22c92de01556aa3afd67.jpg,68.57,MODERATE
660699662,660699683,0,119_jpg.rf.7289fd930bc02dd8550500cdcea24dbe.jpg,68.08,MODERATE
660699683,11238201272,0,11_GH010407-020_jpg.rf.bfbb42c8841d30ac469b0853d6556296.jpg,79.53,MODERATE
660699683,7941552880,0,11_jpg.rf.c709969a53cba8d9c1a73ea95bdf8a8e.jpg,80.79,GOOD
660699705,6354265171,0,13_jpg.rf.1b46839fa6c6a801e26ccaeb33898d78.jpg,100.0,GOOD
660699705,7940981057,0,142_jpg.rf.95af7a88f2c970380766a224a1a2be44.jpg,100.0,GOOD
660699734,4653450989,0,150_jpg.rf.3a61dd322e7ca90fecfaf25773140552.jpg,83.48,GOOD
660699734,4653391593,0,197_jpg.rf.c46ddc95c8af9b286ec41737238f9631.jpg,98.44,GOOD
660700031,3430413649,0,19_GH010417-0732_jpg.rf.4bb6a4a2192537207bc4473c5522d55b.jpg,100.0,GOOD
660700031,3773265080,0,19_GH010417-0748_jpg.rf.e05e7f1b2f1af6b1a6851affba3dd6ed.jpg,100.0,GOOD
660700040,3773265252,0,201_jpg.rf.af958129a924228469a09959b43f9699.jpg,75.61,MODERATE
660700040,7915594689,0,202100683322_f9197910-1115-4bfd-986e-2a33e99d70ac_jpg.rf.a0f0461a0903d89e56f3c66d2674cbf6.jpg,74.88,MODERATE
708920890,14080115801,0,202100712437_2287b463-f688-4223-bacc-cf89b38994b9_jpg.rf.9a5a30ab0a2ea7a950f2bcb6fc0a52f1.jpg,82.89,GOOD
1880441459,3777720945,0,202101442040_5f18740b-3e0c-4474-8de9-d8f94d7fbf53_jpg.rf.ffb72bf46fc0d8f8ffe5d58fd72ce145.jpg,100.0,GOOD
1880441463,7919206778,0,202101819485_0815b137-3e73-4656-a563-32e0d96cbe7b_jpg.rf.668b1ca4a3758836f11c89872343cc50.jpg,79.52,MODERATE
1880441463,12210261198,0,202101877205_773a6478-5e7c-4d98-906e-b4f05fcd39b0_jpg.rf.42d4d1f0794e5e69c59dfe8aa7f01e85.jpg,82.71,GOOD
1880441488,4654979291,0,202101877440_29c3dfd5-c6b4-40b3-8961-193eeb1074f1_jpg.rf.2208987ed7e409ee6de3050aeebb3c77.jpg,100.0,GOOD
1880441488,4215822826,0,202101877506_d0672ae3-03ce-4fc0-a5d8-23c550948873_jpg.rf.575fddefa334df5a8aad247d8bd43841.jpg,87.2,GOOD
1880441490,3430413416,0,202101878156_ce2c590a-6836-4071-a072-fdd40a8679e1_jpg.rf.af15e23f17f5d43297d847060bca3116.jpg,100.0,GOOD
1880441490,3430413417,0,202101904861_c84bf9e6-1b2c-43a8-a680-09fd0e358f9b_jpg.rf.222cf3dbf7aa3d82c43fbb69849fb817.jpg,100.0,GOOD
1880441495,2839149001,0,202101956674_0d1216c3-98d5-4e69-9d2c-d96fe773e843_jpg.rf.358b61d1789d36669ce869ca95ef3df9.jpg,100.0,GOOD
1880441495,11096646069,0,202101956691_63f6769d-73f9-4aee-9e8b-c3fd4bc31611_jpg.rf.70b30ac644a1ab3a128535a1988094fd.jpg,100.0,GOOD
1880441497,2839149040,0,202102065962_cb41c947-c2e4-4aa7-a922-8181d9a2198c_jpg.rf.87aabf5de3d8b8b5ef5822162865e11d.jpg,100.0,GOOD
1880441505,4393288485,0,202200124037_81f7370b-e22d-43b4-a0a1-3c91ceac1026_jpg.rf.27844498d55f72ae676a4b25d11648f0.jpg,89.9,GOOD
1880441505,7938334087,0,202200135007_358cf572-1921-4bd0-8bb2-479a9829697e_jpg.rf.019a8dc0cbe3a78fa7ce5bcd9c593f22.jpg,100.0,GOOD
1880441505,6354264769,0,202200145299_d8706e94-180d-4caa-a99f-65990fee621f_jpg.rf.c3fcabc1435288b5a37a04d45bf40f3e.jpg,86.45,GOOD
1880441509,7871220139,0,202200339562_9aced007-37b9-4ca4-891d-7dc7368338e6_jpg.rf.0d03181e7afd318b22f8154d2bd6f84b.jpg,53.02,POOR
1880441509,7871220154,0,202200398919_9797c4c6-2df7-4695-bec3-263f9de8b6b5_jpg.rf.d8da36f533752b15ca5a74788f080aa2.jpg,47.95,POOR
1880441510,2282190275,0,25_jpg.rf.9f7d83339362c25c4c426bc1fb89fc6e.jpg,67.48,MODERATE
1880441510,2837579697,0,29_jpg.rf.05d244c3811743690d63a3c122d7ac62.jpg,73.17,MODERATE
1880441514,6354264758,0,2_GH010395-0639_jpg.rf.c9a0c049ce32f42e44fbc998633488fe.jpg,100.0,GOOD
1880441514,6354264768,0,2_GH010395-0667_jpg.rf.d5ea1f6a67d1cdee233885fb4f336e78.jpg,100.0,GOOD
1880441528,7871074775,0,2_GH010395-0669_jpg.rf.4bd393c0c24c79076bb4a60a84155c50.jpg,100.0,GOOD
1880441528,2833253656,0,4-121-_jpg.rf.649d1ef7250c0dc6b454414a6f36259f.jpg,100.0,GOOD
1880441532,4393295467,0,4-122-_jpg.rf.7044bf213ccb9431cd4ea0eacd867a3b.jpg,73.68,MODERATE
1880441532,2600872771,0,4-129-_jpg.rf.1238df59d77e85474c5bb1a35ccdb8a8.jpg,70.11,MODERATE
1880441533,7937864674,0,4-146-_jpg.rf.079c2ec9fc09b7ef9f559d56aabba881.jpg,70.2,MODERATE
1880441533,2839149294,0,4-180-_jpg.rf.e821e0de961322ab8615d26a9102ecb4.jpg,100.0,GOOD
1880441533,2833253661,0,46_jpg.rf.f69fbe3486d729b2c475607f9eebb42c.jpg,100.0,GOOD
1880441533,2841517710,0,47_jpg.rf.f1db71915757c21d10fec20b6fc58ba6.jpg,81.34,GOOD
1880441538,2833253661,0,58_jpg.rf.c4c0ece52033ae4dcf4e2db13e2c1e66.jpg,100.0,GOOD
1880441538,2839149313,0,64_jpg.rf.5eeeb4a6450f69dd03a05bc629162a3f.jpg,100.0,GOOD
1880441538,2833253663,0,72_jpg.rf.13f1e73da9f8215e2a9c553e284c5685.jpg,71.63,MODERATE
1880441538,2839149287,0,74_jpg.rf.be35cb1de8c397a1a56602c66284c2e4.jpg,69.19,MODERATE
1880441541,4643886297,0,7_jpg.rf.50f0b085bea4d65e1c1daca1bed6ec3c.jpg,69.48,MODERATE
1880441560,2833253681,0,86_jpg.rf.54d5d773f968ef67e627c81d533c3e7a.jpg,84.07,GOOD
1880441560,7938167093,0,8_GH010404-042_jpg.rf.b68da5c1512d1facf8cb4ed4ac2821aa.jpg,100.0,GOOD
1880441568,6357870910,0,8_GH010404-050_jpg.rf.a299ae18d9cd12730877de353c6d67d8.jpg,100.0,GOOD
1880441568,6357868966,0,AdobeStock_532473701_Preview_jpeg_jpg.rf.3af41b332976d5014d6027757ef83966.jpg,71.39,MODERATE
1880441575,7937507146,0,China_Drone_000014.jpg,95.24,GOOD
1880441575,7937507147,0,China_Drone_000022.jpg,100.0,GOOD
1880441580,2839149330,0,China_Drone_000023.jpg,100.0,GOOD
1880441580,7871296963,0,China_Drone_000025.jpg,100.0,GOOD
1880441580,2839149375,0,China_Drone_000032.jpg,100.0,GOOD
1880441581,12200612792,0,China_Drone_000038.jpg,100.0,GOOD
1880441581,2833253687,0,China_Drone_000045.jpg,100.0,GOOD
1880441581,2839149346,0,China_Drone_000047.jpg,100.0,GOOD
1880441585,6357868975,0,China_Drone_000053.jpg,100.0,GOOD
1880441585,6357868964,0,China_Drone_000059.jpg,100.0,GOOD
1880441586,2833253685,0,China_Drone_000063.jpg,100.0,GOOD
1880441586,7871074741,0,China_Drone_000065.jpg,100.0,GOOD
1880441586,2833253712,0,China_Drone_000076.jpg,96.32,GOOD
1880441591,1880441617,0,China_Drone_000093.jpg,100.0,GOOD
1880441591,6357870909,0,China_Drone_000099.jpg,100.0,GOOD
1880441591,1880441600,0,China_Drone_000100.jpg,100.0,GOOD
1880441591,7938167120,0,China_Drone_000102.jpg,100.0,GOOD
1880441596,2841299202,0,China_Drone_000106.jpg,100.0,GOOD
1880441596,7938167116,0,China_Drone_000108.jpg,100.0,GOOD
1880441596,2833253704,0,China_Drone_000117.jpg,100.0,GOOD
1880441596,2833253687,0,China_Drone_000120.jpg,100.0,GOOD
1880441600,1880441725,0,China_Drone_000126.jpg,93.7,GOOD
1880441600,2833253708,0,China_Drone_000141.jpg,100.0,GOOD
1880441600,6357868967,0,China_Drone_000143.jpg,100.0,GOOD
1880441600,1880441591,0,China_Drone_000148.jpg,100.0,GOOD
1880441612,2833253709,0,China_Drone_000152.jpg,100.0,GOOD
1880441612,7871074732,0,China_Drone_000156.jpg,100.0,GOOD
1880441612,2833253752,0,China_Drone_000158.jpg,97.87,GOOD
1880441614,11593975923,0,China_Drone_000159.jpg,100.0,GOOD
1880441614,6354265184,0,China_Drone_000169.jpg,100.0,GOOD
1880441617,2841517741,0,China_Drone_000174.jpg,100.0,GOOD
1880441617,2833253749,0,China_Drone_000180.jpg,100.0,GOOD
1880441617,1880441591,0,China_Drone_000188.jpg,96.86,GOOD
1880441617,2841299204,0,China_Drone_000211.jpg,98.0,GOOD
1880441712,1880441720,0,China_Drone_000213.jpg,100.0,GOOD
1880441712,4393296791,0,China_Drone_000227.jpg,100.0,GOOD
1880441712,12198741092,0,China_Drone_000229.jpg,97.98,GOOD
1880441712,4393295487,0,China_Drone_000242.jpg,100.0,GOOD
1880441714,3777944395,0,China_Drone_000247.jpg,100.0,GOOD
1880441714,12198712651,0,China_Drone_000251.jpg,100.0,GOOD
1880441720,2837580344,0,China_Drone_000270.jpg,100.0,GOOD
1880441720,1880441712,0,China_Drone_000277.jpg,100.0,GOOD
1880441720,4393296798,0,China_Drone_000285.jpg,72.32,MODERATE
1880441720,6354265104,0,China_Drone_000288.jpg,100.0,GOOD
1880441725,2833253737,0,China_Drone_000291.jpg,97.66,GOOD
1880441725,2833253769,0,China_Drone_000292.jpg,100.0,GOOD
1880441725,1880441600,0,China_Drone_000297.jpg,100.0,GOOD
1880441725,7911517129,0,China_Drone_000299.jpg,96.39,GOOD
1880441740,4393296791,0,China_Drone_000304.jpg,100.0,GOOD
